{
  "anchors": [
    10,
    13,
    16,
    30,
    33,
    23,
    30,
    61,
    62,
    45,
    59,
    119,
    116,
    90,
    156,
    198,
    373,
    326
  ],
  "inputs": {
    "input0": [
      256,
      256,
      3
    ]
  },
  "outputs": {
    "output0": [
      32,
      32,
      21
    ],
    "output1": [
      16,
      16,
      21
    ],
    "output2": [
      8,
      8,
      21
    ]
  },
  "params_quantity": 7025023,
  "loss": [
    [
      1,
      4.71449
    ],
    [
      2,
      4.21368
    ],
    [
      3,
      3.89632
    ],
    [
      4,
      3.58373
    ],
    [
      5,
      3.25693
    ],
    [
      6,
      2.97564
    ],
    [
      7,
      2.71918
    ],
    [
      8,
      2.50125
    ],
    [
      9,
      2.28902
    ],
    [
      10,
      2.15649
    ],
    [
      11,
      1.98611
    ],
    [
      12,
      1.85388
    ],
    [
      13,
      1.74003
    ],
    [
      14,
      1.64503
    ],
    [
      15,
      1.54355
    ],
    [
      16,
      1.48058
    ],
    [
      17,
      1.41878
    ],
    [
      18,
      1.39135
    ],
    [
      19,
      1.35647
    ],
    [
      20,
      1.27556
    ],
    [
      21,
      1.24717
    ],
    [
      22,
      1.21261
    ],
    [
      23,
      1.18258
    ],
    [
      24,
      1.14091
    ],
    [
      25,
      1.13666
    ],
    [
      26,
      1.12037
    ],
    [
      27,
      1.09777
    ],
    [
      28,
      1.08507
    ],
    [
      29,
      1.07445
    ],
    [
      30,
      1.04005
    ],
    [
      31,
      1.04276
    ],
    [
      32,
      0.99686
    ],
    [
      33,
      0.99578
    ],
    [
      34,
      0.99454
    ],
    [
      35,
      0.99225
    ],
    [
      36,
      0.99143
    ],
    [
      37,
      0.95215
    ],
    [
      38,
      0.95713
    ],
    [
      39,
      0.93946
    ],
    [
      40,
      0.91707
    ],
    [
      41,
      0.93122
    ],
    [
      42,
      0.9029
    ],
    [
      43,
      0.90643
    ],
    [
      44,
      0.89835
    ],
    [
      45,
      0.90694
    ],
    [
      46,
      0.89259
    ],
    [
      47,
      0.89932
    ],
    [
      48,
      0.89083
    ],
    [
      49,
      0.85059
    ],
    [
      50,
      0.86563
    ]
  ],
  "loss_conf": [
    [
      1,
      0.00938
    ],
    [
      2,
      0.01162
    ],
    [
      3,
      0.01285
    ],
    [
      4,
      0.01399
    ],
    [
      5,
      0.01506
    ],
    [
      6,
      0.01564
    ],
    [
      7,
      0.01606
    ],
    [
      8,
      0.01619
    ],
    [
      9,
      0.01613
    ],
    [
      10,
      0.01588
    ],
    [
      11,
      0.01566
    ],
    [
      12,
      0.01521
    ],
    [
      13,
      0.01467
    ],
    [
      14,
      0.01408
    ],
    [
      15,
      0.01348
    ],
    [
      16,
      0.01292
    ],
    [
      17,
      0.01242
    ],
    [
      18,
      0.01193
    ],
    [
      19,
      0.01158
    ],
    [
      20,
      0.0113
    ],
    [
      21,
      0.01095
    ],
    [
      22,
      0.01061
    ],
    [
      23,
      0.01038
    ],
    [
      24,
      0.01014
    ],
    [
      25,
      0.00996
    ],
    [
      26,
      0.00979
    ],
    [
      27,
      0.00963
    ],
    [
      28,
      0.00947
    ],
    [
      29,
      0.0093
    ],
    [
      30,
      0.00922
    ],
    [
      31,
      0.00907
    ],
    [
      32,
      0.00901
    ],
    [
      33,
      0.00889
    ],
    [
      34,
      0.00878
    ],
    [
      35,
      0.00866
    ],
    [
      36,
      0.00863
    ],
    [
      37,
      0.00854
    ],
    [
      38,
      0.00849
    ],
    [
      39,
      0.00845
    ],
    [
      40,
      0.00834
    ],
    [
      41,
      0.00826
    ],
    [
      42,
      0.00817
    ],
    [
      43,
      0.00812
    ],
    [
      44,
      0.00803
    ],
    [
      45,
      0.00794
    ],
    [
      46,
      0.00789
    ],
    [
      47,
      0.00784
    ],
    [
      48,
      0.00783
    ],
    [
      49,
      0.00773
    ],
    [
      50,
      0.00772
    ]
  ],
  "loss_pos": [
    [
      1,
      0.11644
    ],
    [
      2,
      0.09974
    ],
    [
      3,
      0.09008
    ],
    [
      4,
      0.08074
    ],
    [
      5,
      0.07056
    ],
    [
      6,
      0.063
    ],
    [
      7,
      0.05606
    ],
    [
      8,
      0.05026
    ],
    [
      9,
      0.04582
    ],
    [
      10,
      0.04315
    ],
    [
      11,
      0.03943
    ],
    [
      12,
      0.0372
    ],
    [
      13,
      0.03554
    ],
    [
      14,
      0.03448
    ],
    [
      15,
      0.03231
    ],
    [
      16,
      0.03139
    ],
    [
      17,
      0.03056
    ],
    [
      18,
      0.0309
    ],
    [
      19,
      0.03035
    ],
    [
      20,
      0.02801
    ],
    [
      21,
      0.02769
    ],
    [
      22,
      0.02713
    ],
    [
      23,
      0.02651
    ],
    [
      24,
      0.02554
    ],
    [
      25,
      0.02591
    ],
    [
      26,
      0.02525
    ],
    [
      27,
      0.02493
    ],
    [
      28,
      0.02445
    ],
    [
      29,
      0.02456
    ],
    [
      30,
      0.02351
    ],
    [
      31,
      0.02381
    ],
    [
      32,
      0.02239
    ],
    [
      33,
      0.02231
    ],
    [
      34,
      0.02279
    ],
    [
      35,
      0.02269
    ],
    [
      36,
      0.02275
    ],
    [
      37,
      0.02154
    ],
    [
      38,
      0.02173
    ],
    [
      39,
      0.02128
    ],
    [
      40,
      0.02073
    ],
    [
      41,
      0.02119
    ],
    [
      42,
      0.02014
    ],
    [
      43,
      0.02042
    ],
    [
      44,
      0.02026
    ],
    [
      45,
      0.02066
    ],
    [
      46,
      0.02036
    ],
    [
      47,
      0.0206
    ],
    [
      48,
      0.02049
    ],
    [
      49,
      0.01923
    ],
    [
      50,
      0.01951
    ]
  ],
  "loss_class": [
    [
      1,
      0.02896
    ],
    [
      2,
      0.02694
    ],
    [
      3,
      0.02509
    ],
    [
      4,
      0.02301
    ],
    [
      5,
      0.02116
    ],
    [
      6,
      0.01903
    ],
    [
      7,
      0.0173
    ],
    [
      8,
      0.01552
    ],
    [
      9,
      0.01328
    ],
    [
      10,
      0.01184
    ],
    [
      11,
      0.01032
    ],
    [
      12,
      0.00859
    ],
    [
      13,
      0.00722
    ],
    [
      14,
      0.00587
    ],
    [
      15,
      0.00508
    ],
    [
      16,
      0.00442
    ],
    [
      17,
      0.00352
    ],
    [
      18,
      0.00314
    ],
    [
      19,
      0.00301
    ],
    [
      20,
      0.00253
    ],
    [
      21,
      0.00236
    ],
    [
      22,
      0.00211
    ],
    [
      23,
      0.00209
    ],
    [
      24,
      0.00185
    ],
    [
      25,
      0.00178
    ],
    [
      26,
      0.00178
    ],
    [
      27,
      0.00168
    ],
    [
      28,
      0.0017
    ],
    [
      29,
      0.00169
    ],
    [
      30,
      0.00152
    ],
    [
      31,
      0.00145
    ],
    [
      32,
      0.00143
    ],
    [
      33,
      0.0014
    ],
    [
      34,
      0.00133
    ],
    [
      35,
      0.00128
    ],
    [
      36,
      0.00149
    ],
    [
      37,
      0.00131
    ],
    [
      38,
      0.00137
    ],
    [
      39,
      0.00127
    ],
    [
      40,
      0.00126
    ],
    [
      41,
      0.00131
    ],
    [
      42,
      0.00123
    ],
    [
      43,
      0.00127
    ],
    [
      44,
      0.00116
    ],
    [
      45,
      0.00124
    ],
    [
      46,
      0.00115
    ],
    [
      47,
      0.00125
    ],
    [
      48,
      0.00122
    ],
    [
      49,
      0.00108
    ],
    [
      50,
      0.00121
    ]
  ],